<?xml version="1.0" encoding="UTF-8"?>
<rechnungen
	xmlns:xsi="http://www.w3.org/2001/XMLSchema-instance"
	xsi:noNamespaceSchemaLocation="Aufgabe-6.xsd">
	<rechnung>
		<anschrift-absender>
			<anrede></anrede>
			<name>Kleintier Meier GmbH</name>
			<strasse>Meierring 3</strasse>
			<plz>81828</plz>
			<ort>Machthausen</ort>
			<telefon>0777/987987</telefon>
			<fax>0777/987789</fax>
			<e-mail>klein.meier@tiere.de</e-mail>
		</anschrift-absender>
		<anschrift-empfaenger>
			<anrede>Frau</anrede>
			<name>Sybille Sonder-Suttelrau</name>
			<strasse>Am Süttelbach 17</strasse>
			<plz>77070</plz>
			<ort>Siedelsuderstadt</ort>
			<telefon></telefon>
			<fax></fax>
			<e-mail></e-mail>
		</anschrift-empfaenger>
		<steuernummer>88 123/8282 2</steuernummer>
		<datum>2017-01-15</datum>
		<rechnungsnummer>657321</rechnungsnummer>
		<umsatzsteuer-identifikationsnummer>DE000000000</umsatzsteuer-identifikationsnummer>
		<menge-und-art-der-gelieferten-gegenstaende>

			<artikel datum="2017-01-15">
				<menge-einheit>100 Stück</menge-einheit>
				<leistung>Antike Holzwürmer</leistung>
				<einzelpreis-euro>1.50</einzelpreis-euro>
				<gesamtpreis-euro>150.00</gesamtpreis-euro>
				<mehrwertsteuer-prozent>19</mehrwertsteuer-prozent>
			</artikel>
			<artikel datum="2017-01-15">
				<menge-einheit>1</menge-einheit>
				<leistung>Holzwurmfutter</leistung>
				<einzelpreis-euro>34.45</einzelpreis-euro>
				<gesamtpreis-euro>34.45</gesamtpreis-euro>
				<mehrwertsteuer-prozent>19</mehrwertsteuer-prozent>
			</artikel>
			<artikel datum="2017-01-15">
				<menge-einheit>1</menge-einheit>
				<leistung>Steinlaus, Petrophaga lorioti</leistung>
				<einzelpreis-euro>777.77</einzelpreis-euro>
				<gesamtpreis-euro>777.77</gesamtpreis-euro>
				<mehrwertsteuer-prozent>19</mehrwertsteuer-prozent>
			</artikel>
		</menge-und-art-der-gelieferten-gegenstaende>
		<entgeld-fuer-die-lieferung>
			<bruttobetrag>962.22</bruttobetrag>
			<nettobetrag>808.59</nettobetrag>
			<mwst-gesamt>153.63</mwst-gesamt>
			<waehrung>Euro</waehrung>
		</entgeld-fuer-die-lieferung>
		<zahlungsmoeglichkeiten>
			<zahlungsart-1>
				<institutsname>Sparkasse Karlsruhe</institutsname>
				<iban></iban>
				<kontonummer>Nr.: 987654321</kontonummer>
				<bic></bic>
				<blz>BLZ66050101</blz>
			</zahlungsart-1>
			<zahlungsart-2>
				<bitcoin-adresse></bitcoin-adresse>
			</zahlungsart-2>
			<zahlungsart-3>
				<bar></bar>
			</zahlungsart-3>
		</zahlungsmoeglichkeiten>
	</rechnung>
	<rechnung>
		<anschrift-absender>
			<anrede></anrede>
			<name>Rochade-La Hoff Pharma GmbH</name>
			<strasse>An der Chemie 17</strasse>
			<plz>79639</plz>
			<ort>Grenzych-Wahlen</ort>
			<telefon>07624/ 666333999</telefon>
			<fax>07624/ 666333990</fax>
			<e-mail></e-mail>
		</anschrift-absender>
		<anschrift-empfaenger>
			<anrede>Herr Dr. med.</anrede>
			<name>Cyprian Zottel</name>
			<strasse>Soddelstrudel 5a</strasse>
			<plz>13023</plz>
			<ort>Zotenheim</ort>
			<telefon></telefon>
			<fax></fax>
			<e-mail></e-mail>
		</anschrift-empfaenger>
		<steuernummer></steuernummer>
		<datum>2017-08-08</datum>
		<rechnungsnummer>98-798-7987</rechnungsnummer>
		<umsatzsteuer-identifikationsnummer>DE333666999</umsatzsteuer-identifikationsnummer>
		<menge-und-art-der-gelieferten-gegenstaende>

			<artikel datum="2017-08-08">
				<menge-einheit>3 Packungen</menge-einheit>
				<leistung>Grippemittel "Tumifla"</leistung>
				<einzelpreis-euro>120.00</einzelpreis-euro>
				<gesamtpreis-euro>360.00</gesamtpreis-euro>
				<mehrwertsteuer-prozent>19</mehrwertsteuer-prozent>
			</artikel>
			<artikel datum="2017-08-08">
				<menge-einheit></menge-einheit>
				<leistung>Beratung pauschal</leistung>
				<einzelpreis-euro></einzelpreis-euro>
				<gesamtpreis-euro>50.00</gesamtpreis-euro>
				<mehrwertsteuer-prozent>19</mehrwertsteuer-prozent>
			</artikel>
			<artikel datum="2017-08-08">
				<menge-einheit>2 Liter</menge-einheit>
				<leistung>Abfuhrmittel "wech damit" pro Liter</leistung>
				<einzelpreis-euro>99.99</einzelpreis-euro>
				<gesamtpreis-euro>199.98</gesamtpreis-euro>
				<mehrwertsteuer-prozent>19</mehrwertsteuer-prozent>
			</artikel>
			<artikel datum="2017-08-08">
				<menge-einheit>2 Stück</menge-einheit>
				<leistung>Energieriegel "Satto"</leistung>
				<einzelpreis-euro>5.98</einzelpreis-euro>
				<gesamtpreis-euro>11.96</gesamtpreis-euro>
				<mehrwertsteuer-prozent>7</mehrwertsteuer-prozent>
			</artikel>
		</menge-und-art-der-gelieferten-gegenstaende>
		<entgeld-fuer-die-lieferung>
			<bruttobetrag>621.94</bruttobetrag>
			<nettobetrag>490.22</nettobetrag>
			<mwst-gesamt>116.74</mwst-gesamt>
			<waehrung>Euro</waehrung>
		</entgeld-fuer-die-lieferung>
		<zahlungsmoeglichkeiten>
			<zahlungsart-1>
				<institutsname>Deutsche Bank Lörrach</institutsname>
				<iban>DE18683700340999666333</iban>
				<kontonummer></kontonummer>
				<bic>DEUTDE6F683</bic>
				<blz></blz>
			</zahlungsart-1>
			<zahlungsart-2>
				<bitcoin-adresse></bitcoin-adresse>
			</zahlungsart-2>
			<zahlungsart-3>
				<bar></bar>
			</zahlungsart-3>
		</zahlungsmoeglichkeiten>
	</rechnung>
	<rechnung>
		<anschrift-absender>
			<anrede></anrede>
			<name>Bestattungen Unterberg</name>
			<strasse>Oberbergweg 5</strasse>
			<plz>43210</plz>
			<ort>Ultursingen</ort>
			<telefon>0478/ 777555</telefon>
			<fax></fax>
			<e-mail>unter@berg.de</e-mail>
		</anschrift-absender>
		<anschrift-empfaenger>
			<anrede>Familie</anrede>
			<name>Urmel</name>
			<strasse>Ulturenstrasse 764</strasse>
			<plz>43210</plz>
			<ort>Ultursingen</ort>
			<telefon></telefon>
			<fax></fax>
			<e-mail></e-mail>
		</anschrift-empfaenger>
		<steuernummer></steuernummer>
		<datum>2017-10-19</datum>
		<rechnungsnummer>893 213 11</rechnungsnummer>
		<umsatzsteuer-identifikationsnummer>DE987654321</umsatzsteuer-identifikationsnummer>
		<menge-und-art-der-gelieferten-gegenstaende>

			<artikel datum="2017-10-19">
				<menge-einheit>1 Stück</menge-einheit>
				<leistung>Urne, Eiche massiv</leistung>
				<einzelpreis-euro></einzelpreis-euro>
				<gesamtpreis-euro>299.99</gesamtpreis-euro>
				<mehrwertsteuer-prozent>19</mehrwertsteuer-prozent>
			</artikel>
			<artikel datum="2017-10-19">
				<menge-einheit>1 Stück</menge-einheit>
				<leistung>Überführung Krematorium Feuerbach inkl. Begleitpersonal</leistung>
				<einzelpreis-euro></einzelpreis-euro>
				<gesamtpreis-euro>349.00</gesamtpreis-euro>
				<mehrwertsteuer-prozent>19</mehrwertsteuer-prozent>
			</artikel>
			<artikel datum="2017-10-19">
				<menge-einheit>1 Stück</menge-einheit>
				<leistung>Dekoration</leistung>
				<einzelpreis-euro></einzelpreis-euro>
				<gesamtpreis-euro>149.50</gesamtpreis-euro>
				<mehrwertsteuer-prozent>19</mehrwertsteuer-prozent>
			</artikel>
			<artikel datum="2017-10-19">
				<menge-einheit>40 Stück</menge-einheit>
				<leistung>Trauerkarten inkl. Briefmarken</leistung>
				<einzelpreis-euro>2.00</einzelpreis-euro>
				<gesamtpreis-euro>80.00</gesamtpreis-euro>
				<mehrwertsteuer-prozent>19</mehrwertsteuer-prozent>
			</artikel>
		</menge-und-art-der-gelieferten-gegenstaende>
		<entgeld-fuer-die-lieferung>
			<bruttobetrag>738.23</bruttobetrag>
			<nettobetrag>878.49</nettobetrag>
			<mwst-gesamt>140.26</mwst-gesamt>
			<waehrung>Euro</waehrung>
		</entgeld-fuer-die-lieferung>
		<zahlungsmoeglichkeiten>
			<zahlungsart-1>
				<institutsname>UBS Zürich</institutsname>
				<iban>IBAN: DE16660501010077889911</iban>
				<kontonummer>Nr.: 75847683</kontonummer>
				<bic>UBSWCHZH80H</bic>
				<blz></blz>
			</zahlungsart-1>
			<zahlungsart-2>
				<bitcoin-adresse>1P82rBiJHDFSav2QrKx1bvdDRVh5QnGkkZ</bitcoin-adresse>
			</zahlungsart-2>
			<zahlungsart-3>
				<bar></bar>
			</zahlungsart-3>
		</zahlungsmoeglichkeiten>
	</rechnung>
	<rechnung>
		<anschrift-absender>
			<anrede></anrede>
			<name>Weinhandel von Langres</name>
			<strasse>Emilianigasse 19</strasse>
			<plz>86866</plz>
			<ort>Mickhausen</ort>
			<telefon></telefon>
			<fax></fax>
			<e-mail></e-mail>
		</anschrift-absender>
		<anschrift-empfaenger>
			<anrede>Seine Exzellenz der Hochwürdigste Herr Erzbischof</anrede>
			<name>Waldus Mikksa</name>
			<strasse>Fronhof 4</strasse>
			<plz>86152</plz>
			<ort>Augsburg</ort>
			<telefon></telefon>
			<fax></fax>
			<e-mail></e-mail>
		</anschrift-empfaenger>
		<steuernummer></steuernummer>
		<datum>2009-11-07</datum>
		<rechnungsnummer>611-555-32</rechnungsnummer>
		<umsatzsteuer-identifikationsnummer>DE123456789</umsatzsteuer-identifikationsnummer>
		<menge-und-art-der-gelieferten-gegenstaende>
			<artikel datum="2009-11-07">
				<menge-einheit>1 Fass</menge-einheit>
				<leistung>Liebliche Gottesmilbe</leistung>
				<einzelpreis-euro></einzelpreis-euro>
				<gesamtpreis-euro>2299.98</gesamtpreis-euro>
				<mehrwertsteuer-prozent>19</mehrwertsteuer-prozent>
			</artikel>
			<artikel datum="2009-11-07">
				<menge-einheit>100 Stück</menge-einheit>
				<leistung>Standardweingläser "Schluck"</leistung>
				<einzelpreis-euro></einzelpreis-euro>
				<gesamtpreis-euro>59.90</gesamtpreis-euro>
				<mehrwertsteuer-prozent>19</mehrwertsteuer-prozent>
			</artikel>
		</menge-und-art-der-gelieferten-gegenstaende>
		<entgeld-fuer-die-lieferung>
			<bruttobetrag>2359.88</bruttobetrag>
			<nettobetrag>2736.67</nettobetrag>
			<mwst-gesamt>376.79</mwst-gesamt>
			<waehrung>Euro</waehrung>
		</entgeld-fuer-die-lieferung>
		<zahlungsmoeglichkeiten>
			<zahlungsart-1>
				<institutsname>Pax-Bank Köln</institutsname>
				<iban></iban>
				<kontonummer>Nr. 80200601</kontonummer>
				<bic></bic>
				<blz>BLZ 370 601 93</blz>
			</zahlungsart-1>
			<zahlungsart-2>
				<bitcoin-adresse></bitcoin-adresse>
			</zahlungsart-2>
			<zahlungsart-3>
				<bar></bar>
			</zahlungsart-3>
		</zahlungsmoeglichkeiten>
	</rechnung>
	<rechnung>
		<anschrift-absender>
			<anrede>Herr</anrede>
			<name>Peer Weidmann</name>
			<strasse>Kuerschnergasse 77</strasse>
			<plz>76131</plz>
			<ort>Karlsgrube</ort>
			<telefon></telefon>
			<fax></fax>
			<e-mail></e-mail>
		</anschrift-absender>
		<anschrift-empfaenger>
			<anrede>Herr</anrede>
			<name>Claudius Artemis</name>
			<strasse>Am Wolfsweiher 7</strasse>
			<plz>56741</plz>
			<ort>Hirschhausen</ort>
			<telefon></telefon>
			<fax></fax>
			<e-mail></e-mail>
		</anschrift-empfaenger>
		<steuernummer></steuernummer>
		<datum>2017-08-09</datum>
		<rechnungsnummer>1</rechnungsnummer>
		<umsatzsteuer-identifikationsnummer>DE123456789</umsatzsteuer-identifikationsnummer>
		<menge-und-art-der-gelieferten-gegenstaende>

			<artikel datum="2017-08-09">
				<menge-einheit>1</menge-einheit>
				<leistung>Vogelshnepper, um 1600</leistung>
				<einzelpreis-euro></einzelpreis-euro>
				<gesamtpreis-euro>3499.00</gesamtpreis-euro>
				<mehrwertsteuer-prozent></mehrwertsteuer-prozent>
			</artikel>
			<artikel datum="2017-08-09">
				<menge-einheit>200</menge-einheit>
				<leistung>Schusser, um 1720</leistung>
				<einzelpreis-euro></einzelpreis-euro>
				<gesamtpreis-euro>99.99</gesamtpreis-euro>
				<mehrwertsteuer-prozent></mehrwertsteuer-prozent>
			</artikel>
		</menge-und-art-der-gelieferten-gegenstaende>
		<entgeld-fuer-die-lieferung>
			<bruttobetrag>3598.99</bruttobetrag>
			<nettobetrag>3598.99</nettobetrag>
			<mwst-gesamt></mwst-gesamt>
			<waehrung>Euro</waehrung>
		</entgeld-fuer-die-lieferung>
		<zahlungsmoeglichkeiten>
			<zahlungsart-1>
				<institutsname></institutsname>
				<iban></iban>
				<kontonummer></kontonummer>
				<bic></bic>
				<blz></blz>
			</zahlungsart-1>
			<zahlungsart-2>
				<bitcoin-adresse></bitcoin-adresse>
			</zahlungsart-2>
			<zahlungsart-3>
				<bar>Zahlbar in bar bei Abholung</bar>
			</zahlungsart-3>
		</zahlungsmoeglichkeiten>
	</rechnung>
	<rechnung>
		<anschrift-absender>
			<anrede></anrede>
			<name>Dr. Klöpner Sanitäreinrichtungen</name>
			<strasse>Zur Wasserkuppe 99</strasse>
			<plz>43354</plz>
			<ort>Bischofsborn</ort>
			<telefon></telefon>
			<fax></fax>
			<e-mail></e-mail>
		</anschrift-absender>
		<anschrift-empfaenger>
			<anrede>Herr</anrede>
			<name>Mueller-Luedenscheid</name>
			<strasse>Badstrasse 3</strasse>
			<plz>17777</plz>
			<ort>Dammhausen</ort>
			<telefon></telefon>
			<fax></fax>
			<e-mail></e-mail>
		</anschrift-empfaenger>
		<steuernummer></steuernummer>
		<datum>2016-12-31</datum>
		<rechnungsnummer>47-11</rechnungsnummer>
		<umsatzsteuer-identifikationsnummer>DE112233449</umsatzsteuer-identifikationsnummer>
		<menge-und-art-der-gelieferten-gegenstaende>

			<artikel datum="2016-12-31">
				<menge-einheit>1</menge-einheit>
				<leistung>Gummiente "Quietsch"</leistung>
				<einzelpreis-euro>19.99</einzelpreis-euro>
				<gesamtpreis-euro>19.99</gesamtpreis-euro>
				<mehrwertsteuer-prozent>19</mehrwertsteuer-prozent>
			</artikel>
		</menge-und-art-der-gelieferten-gegenstaende>
		<entgeld-fuer-die-lieferung>
			<bruttobetrag>19.99</bruttobetrag>
			<nettobetrag></nettobetrag>
			<mwst-gesamt>3.19</mwst-gesamt>
			<waehrung>Euro</waehrung>
		</entgeld-fuer-die-lieferung>
		<zahlungsmoeglichkeiten>
			<zahlungsart-1>
				<institutsname>Adelsbank Bischofsborn</institutsname>
				<iban></iban>
				<kontonummer>80870733</kontonummer>
				<bic></bic>
				<blz>777 555 11</blz>
			</zahlungsart-1>
			<zahlungsart-2>
				<bitcoin-adresse></bitcoin-adresse>
			</zahlungsart-2>
			<zahlungsart-3>
				<bar></bar>
			</zahlungsart-3>
		</zahlungsmoeglichkeiten>
	</rechnung>
</rechnungen>