<?xml version="1.0" encoding="UTF-8"?>
<rechnungen>
	<rechnung>
		<datum>2017-01-15</datum>
		<rechnungsnummer>657321</rechnungsnummer>
		<bruttobetrag>962.22</bruttobetrag>
		<anschrift-empfaenger>
			<anrede>Frau</anrede>
			<name>Sybille Sonder-Suttelrau</name>
			<strasse>Am Süttelbach 17</strasse>
			<plz>77070</plz>
			<ort>Siedelsuderstadt</ort>
			<telefon />
			<fax />
			<e-mail />
		</anschrift-empfaenger>
		<artikel nummer="1">
			<leistung>Antike Holzwürmer</leistung>
			<gesamtpreis-euro>150.00</gesamtpreis-euro>
		</artikel>
		<artikel nummer="2">
			<leistung>Holzwurmfutter</leistung>
			<gesamtpreis-euro>34.45</gesamtpreis-euro>
		</artikel>
		<artikel nummer="3">
			<leistung>Steinlaus, Petrophaga lorioti</leistung>
			<gesamtpreis-euro>777.77</gesamtpreis-euro>
		</artikel>
	</rechnung>
	<rechnung>
		<datum>2017-08-08</datum>
		<rechnungsnummer>98-798-7987</rechnungsnummer>
		<bruttobetrag>621.94</bruttobetrag>
		<artikel nummer="1">
			<leistung>Grippemittel "Tumifla"</leistung>
			<gesamtpreis-euro>360.00</gesamtpreis-euro>
		</artikel>
		<artikel nummer="2">
			<leistung>Beratung pauschal</leistung>
			<gesamtpreis-euro>50.00</gesamtpreis-euro>
		</artikel>
		<artikel nummer="3">
			<leistung>Abfuhrmittel "wech damit" pro Liter</leistung>
			<gesamtpreis-euro>199.98</gesamtpreis-euro>
		</artikel>
		<artikel nummer="4">
			<leistung>Energieriegel "Satto"</leistung>
			<gesamtpreis-euro>11.96</gesamtpreis-euro>
		</artikel>
	</rechnung>
	<rechnung>
		<datum>2017-10-19</datum>
		<rechnungsnummer>893 213 11</rechnungsnummer>
		<bruttobetrag>738.23</bruttobetrag>
		<artikel nummer="1">
			<leistung>Urne, Eiche massiv</leistung>
			<gesamtpreis-euro>299.99</gesamtpreis-euro>
		</artikel>
		<artikel nummer="2">
			<leistung>Überführung Krematorium Feuerbach inkl. Begleitpersonal
			</leistung>
			<gesamtpreis-euro>349.00</gesamtpreis-euro>
		</artikel>
		<artikel nummer="3">
			<leistung>Dekoration</leistung>
			<gesamtpreis-euro>149.50</gesamtpreis-euro>
		</artikel>
		<artikel nummer="4">
			<leistung>Trauerkarten inkl. Briefmarken</leistung>
			<gesamtpreis-euro>80.00</gesamtpreis-euro>
		</artikel>
	</rechnung>
	<rechnung>
		<datum>2017-08-09</datum>
		<rechnungsnummer>1</rechnungsnummer>
		<bruttobetrag>3598.99</bruttobetrag>
		<anschrift-empfaenger>
			<anrede>Herr</anrede>
			<name>Claudius Artemis</name>
			<strasse>Am Wolfsweiher 7</strasse>
			<plz>56741</plz>
			<ort>Hirschhausen</ort>
			<telefon />
			<fax />
			<e-mail />
		</anschrift-empfaenger>
		<artikel nummer="1">
			<leistung>Vogelshnepper, um 1600</leistung>
			<gesamtpreis-euro>3499.00</gesamtpreis-euro>
		</artikel>
		<artikel nummer="2">
			<leistung>Schusser, um 1720</leistung>
			<gesamtpreis-euro>99.99</gesamtpreis-euro>
		</artikel>
	</rechnung>
	<rechnung>
		<datum>2016-12-31</datum>
		<rechnungsnummer>47-11</rechnungsnummer>
		<bruttobetrag>19.99</bruttobetrag>
		<anschrift-empfaenger>
			<anrede>Herr</anrede>
			<name>Mueller-Luedenscheid</name>
			<strasse>Badstrasse 3</strasse>
			<plz>17777</plz>
			<ort>Dammhausen</ort>
			<telefon />
			<fax />
			<e-mail />
		</anschrift-empfaenger>
		<artikel nummer="1">
			<leistung>Gummiente "Quietsch"</leistung>
			<gesamtpreis-euro>19.99</gesamtpreis-euro>
		</artikel>
	</rechnung>
</rechnungen>