<root>
  <facet id="jpt.jaxb">
    <node name="classgen">
      <attribute name="package" value="rechnungen"/>
    </node>
    <node name="libprov">
      <attribute name="provider-id" value="jaxb-user-library-provider"/>
    </node>
    <node name="platform">
      <attribute name="platform-id" value="generic_2_2"/>
    </node>
    <node name="schemas">
      <node name="schema-1">
        <attribute name="location" value="platform:/resource/rechneruebung-4/Aufgabe-4.xsd"/>
      </node>
    </node>
  </facet>
</root>
